<application>
  <component name="UISettings">
    <option name="ACTIVATE_MRU_EDITOR_ON_CLOSE" value="true" />
    <option name="ANIMATE_WINDOWS" value="false" />
    <option name="EDITOR_TAB_LIMIT" value="15" />
    <option name="FONT_FACE" value=".SFNSText-Regular" />
    <option name="HIDE_NAVIGATION_ON_FOCUS_LOSS" value="false" />
    <option name="HIDE_TOOL_STRIPES" value="true" />
    <option name="RECENT_FILES_LIMIT" value="300" />
    <option name="SHOW_NAVIGATION_BAR" value="false" />
    <option name="SHOW_STATUS_BAR" value="false" />
    <option name="SHOW_TOOL_WINDOW_NUMBERS" value="false" />
  </component>
</application>